"Store Name","Address","Address 2","City","State","Zip","County","Store Type","Incentive Program","Grantee Name","Point Source","Selected Location"
"store_name","address","address2","city","state","zip5","county","store_type","incentive_program","grantee_name","Source","Location"
"THE GOOD LIFE GROCERY","1524 20th St","","San Francisco","CA","94107","SAN FRANCISCO","Grocery Store","","","USDA","San Francisco (City, 2020)"
"TL Kitchen","177 Eddy St","","San Francisco","CA","94102","SAN FRANCISCO","Restaurant Meals Program","","","USDA","San Francisco (City, 2020)"
"Tai Hing Inc","681 Broadway","","San Francisco","CA","94133","SAN FRANCISCO","Other","","","USDA","San Francisco (City, 2020)"
"Taisan Huakee Restaurant","4737 Geary Blvd","","San Francisco","CA","94118","SAN FRANCISCO","Restaurant Meals Program","","","USDA","San Francisco (City, 2020)"
"Tan Hua SF LLC","1143 Stockton St","","San Francisco","CA","94133","SAN FRANCISCO","Other","","","USDA","San Francisco (City, 2020)"
"Tan Tan Trading Company Inc.","1222 Stockton St","","San Francisco","CA","94133","SAN FRANCISCO","Other","","","USDA","San Francisco (City, 2020)"
"Target 3264","233 Winston Dr","","San Francisco","CA","94132","SAN FRANCISCO","Super Store","","","USDA","San Francisco (City, 2020)"
"Target Store 2768","2675 Geary Blvd","","San Francisco","CA","94118","SAN FRANCISCO","Super Store","","","USDA","San Francisco (City, 2020)"
"Target Store T-2766","789 Mission St","","San Francisco","CA","94103","SAN FRANCISCO","Super Store","","","USDA","San Francisco (City, 2020)"
"Teddys Market","298 Teddy Ave","","San Francisco","CA","94134","SAN FRANCISCO","Convenience Store","","","USDA","San Francisco (City, 2020)"
"Tenderloin Market And Deli","200 Leavenworth St","","San Francisco","CA","94102","SAN FRANCISCO","Convenience Store","","","USDA","San Francisco (City, 2020)"
"Teranga","101 Hyde St","","San Francisco","CA","94102","SAN FRANCISCO","Restaurant Meals Program","","","USDA","San Francisco (City, 2020)"
"The Nature Stop","1336 Grant Ave","","San Francisco","CA","94133","SAN FRANCISCO","Grocery Store","","","USDA","San Francisco (City, 2020)"
"The Silver Platter Liquor","2501 Van Ness Ave","","San Francisco","CA","94109","SAN FRANCISCO","Convenience Store","","","USDA","San Francisco (City, 2020)"
"The Soup","2315 Irving St","","San Francisco","CA","94122","SAN FRANCISCO","Restaurant Meals Program","","","USDA","San Francisco (City, 2020)"
"The Supremo Pizza","87 6th St","","San Francisco","CA","94103","SAN FRANCISCO","Restaurant Meals Program","","","USDA","San Francisco (City, 2020)"
"Third Ave Food Mart","4101 California St","","San Francisco","CA","94118","SAN FRANCISCO","Convenience Store","","","USDA","San Francisco (City, 2020)"
"Tiantian Market Inc","1117 Stockton St","","San Francisco","CA","94133","SAN FRANCISCO","Other","","","USDA","San Francisco (City, 2020)"
"Tierra Santa Market","2890 San Bruno Ave","","San Francisco","CA","94134","SAN FRANCISCO","Convenience Store","","","USDA","San Francisco (City, 2020)"
"Tiffanys Cafe","3801 3rd St","Ste 535","San Francisco","CA","94124","SAN FRANCISCO","Restaurant Meals Program","","","USDA","San Francisco (City, 2020)"
"Tigers Liquors","2400 Clement St","","San Francisco","CA","94121","SAN FRANCISCO","Convenience Store","","","USDA","San Francisco (City, 2020)"
"Tip Top Market","90 Turk St","","San Francisco","CA","94102","SAN FRANCISCO","Grocery Store","","","USDA","San Francisco (City, 2020)"
"Tony's Market & Liquor","2751 24th St","","San Francisco","CA","94110","SAN FRANCISCO","Convenience Store","","","USDA","San Francisco (City, 2020)"
"Torino Market","4830 3rd St","","San Francisco","CA","94124","SAN FRANCISCO","Convenience Store","","","USDA","San Francisco (City, 2020)"
"Trader Joe's 100","3 Masonic Ave","","San Francisco","CA","94118","SAN FRANCISCO","Supermarket","","","USDA","San Francisco (City, 2020)"
"Trader Joe's 19","401 Bay St","","San Francisco","CA","94133","SAN FRANCISCO","Supermarket","","","USDA","San Francisco (City, 2020)"
"Trader Joe's 200","1095 Hyde St","","San Francisco","CA","94109","SAN FRANCISCO","Supermarket","","","USDA","San Francisco (City, 2020)"
"Trader Joe's 225","10 4th St","","San Francisco","CA","94103","SAN FRANCISCO","Supermarket","","","USDA","San Francisco (City, 2020)"
"Trader Joe's 226","555 Fulton St","Ste C","San Francisco","CA","94102","SAN FRANCISCO","Supermarket","","","USDA","San Francisco (City, 2020)"
"Trader Joe's 236","265 Winston Dr","","San Francisco","CA","94132","SAN FRANCISCO","Supermarket","","","USDA","San Francisco (City, 2020)"
"Trader Joe's 78","555 9th St","","San Francisco","CA","94103","SAN FRANCISCO","Supermarket","","","USDA","San Francisco (City, 2020)"
"Transfer Market","861 Divisadero St","","San Francisco","CA","94117","SAN FRANCISCO","Convenience Store","","","USDA","San Francisco (City, 2020)"
"Tsunami Market","479 Turk St","","San Francisco","CA","94102","SAN FRANCISCO","Convenience Store","","","USDA","San Francisco (City, 2020)"
"U-save Liquor & Grocery","399 Crescent Ave","","San Francisco","CA","94110","SAN FRANCISCO","Convenience Store","","","USDA","San Francisco (City, 2020)"
"USA MARKET","904 Eddy St","","San Francisco","CA","94109","SAN FRANCISCO","Convenience Store","","","USDA","San Francisco (City, 2020)"
"Unimart","1201 Howard St","","San Francisco","CA","94103","SAN FRANCISCO","Grocery Store","","","USDA","San Francisco (City, 2020)"
"United Liquor Market","5298 Mission St","","San Francisco","CA","94112","SAN FRANCISCO","Convenience Store","","","USDA","San Francisco (City, 2020)"
"Valencia Exotic Cigars & Liquor","1001 Valencia St","","San Francisco","CA","94110","SAN FRANCISCO","Convenience Store","","","USDA","San Francisco (City, 2020)"
"Valencia Whole Foods","999 Valencia St","","San Francisco","CA","94110","SAN FRANCISCO","Grocery Store","","","USDA","San Francisco (City, 2020)"
"Vallejo Seafood Company","712A Vallejo St","","San Francisco","CA","94133","SAN FRANCISCO","Other","","","USDA","San Francisco (City, 2020)"
"Valmar Supermarket","16 Valencia St","","San Francisco","CA","94103","SAN FRANCISCO","Convenience Store","","","USDA","San Francisco (City, 2020)"
"Vegiland Market Inc 1","1055 Stockton St","","San Francisco","CA","94108","SAN FRANCISCO","Other","","","USDA","San Francisco (City, 2020)"
"Vic's Convenient Store","3300 26th St","","San Francisco","CA","94110","SAN FRANCISCO","Convenience Store","","","USDA","San Francisco (City, 2020)"
"Victoria Liquor and Groceries","201 Gough St","","San Francisco","CA","94102","SAN FRANCISCO","Convenience Store","","","USDA","San Francisco (City, 2020)"
"W&k Market","3098 24th St","","San Francisco","CA","94110","SAN FRANCISCO","Convenience Store","","","USDA","San Francisco (City, 2020)"
"Walgreens 00887","1524 Polk St","","San Francisco","CA","94109","SAN FRANCISCO","Other","","","USDA","San Francisco (City, 2020)"
"Walgreens 00896","3601 California St","","San Francisco","CA","94118","SAN FRANCISCO","Other","","","USDA","San Francisco (City, 2020)"
"Walgreens 01109","5260 Diamond Heights Blvd","","San Francisco","CA","94131","SAN FRANCISCO","Other","","","USDA","San Francisco (City, 2020)"
"Walgreens 01297","670 4th St","","San Francisco","CA","94107","SAN FRANCISCO","Other","","","USDA","San Francisco (City, 2020)"
"Walgreens 01327","498 Castro St","","San Francisco","CA","94114","SAN FRANCISCO","Other","","","USDA","San Francisco (City, 2020)"
"Walgreens 01626","2494 San Bruno Ave","","San Francisco","CA","94134","SAN FRANCISCO","Other","","","USDA","San Francisco (City, 2020)"
"Walgreens 02521","300 Montgomery St","Ste 150","San Francisco","CA","94104","SAN FRANCISCO","Other","","","USDA","San Francisco (City, 2020)"
"Walgreens 02705","2050 Irving St","","San Francisco","CA","94122","SAN FRANCISCO","Other","","","USDA","San Francisco (City, 2020)"
"Walgreens 05599","2120 Polk St","","San Francisco","CA","94109","SAN FRANCISCO","Other","","","USDA","San Francisco (City, 2020)"
"Walgreens 06557","199 Parnassus Ave","","San Francisco","CA","94117","SAN FRANCISCO","Other","","","USDA","San Francisco (City, 2020)"
"Walgreens 06625","2141 Chestnut St","","San Francisco","CA","94123","SAN FRANCISCO","Other","","","USDA","San Francisco (City, 2020)"
"Walgreens 07043","459 Powell St","","San Francisco","CA","94102","SAN FRANCISCO","Other","","","USDA","San Francisco (City, 2020)"
"Walgreens 07150","965 Geneva Ave","","San Francisco","CA","94112","SAN FRANCISCO","Other","","","USDA","San Francisco (City, 2020)"
"Walgreens 1054","3398 Mission St","","San Francisco","CA","94110","SAN FRANCISCO","Other","","","USDA","San Francisco (City, 2020)"
"Walgreens 13670","200 W Portal Ave","","San Francisco","CA","94127","SAN FRANCISCO","Other","","","USDA","San Francisco (City, 2020)"
"Walgreens 15127","1175 Columbus Ave","","San Francisco","CA","94133","SAN FRANCISCO","Other","","","USDA","San Francisco (City, 2020)"
"Walgreens 2088","1333 Castro St","","San Francisco","CA","94114","SAN FRANCISCO","Other","","","USDA","San Francisco (City, 2020)"
"Walgreens 2152","1899 Fillmore St","","San Francisco","CA","94115","SAN FRANCISCO","Other","","","USDA","San Francisco (City, 2020)"
"Walgreens 3475","25 Point Lobos Ave","","San Francisco","CA","94121","SAN FRANCISCO","Other","","","USDA","San Francisco (City, 2020)"
"Walgreens 4231","2690 Mission St","","San Francisco","CA","94110","SAN FRANCISCO","Other","","","USDA","San Francisco (City, 2020)"
"Walgreens 4275","456 Mission St","","San Francisco","CA","94105","SAN FRANCISCO","Other","","","USDA","San Francisco (City, 2020)"
"Walgreens 4529","2145 Market St","","San Francisco","CA","94114","SAN FRANCISCO","Other","","","USDA","San Francisco (City, 2020)"
"Walgreens 4570","3001 Taraval St","","San Francisco","CA","94116","SAN FRANCISCO","Other","","","USDA","San Francisco (City, 2020)"
"Walgreens 4609","1301 Market St","","San Francisco","CA","94103","SAN FRANCISCO","Other","","","USDA","San Francisco (City, 2020)"
"Walgreens 893","1344 Stockton St","","San Francisco","CA","94133","SAN FRANCISCO","Other","","","USDA","San Francisco (City, 2020)"
"Wallys Community Market","451 Ofarrell St","","San Francisco","CA","94102","SAN FRANCISCO","Convenience Store","","","USDA","San Francisco (City, 2020)"
"Wei Ye Co Inc","1248 Stockton St","","San Francisco","CA","94133","SAN FRANCISCO","Other","","","USDA","San Francisco (City, 2020)"
"Welcome Market & Liquor","1141 Folsom St","","San Francisco","CA","94103","SAN FRANCISCO","Convenience Store","","","USDA","San Francisco (City, 2020)"
"Wendy And Moon Grocery","1321A Powell St","","San Francisco","CA","94133","SAN FRANCISCO","Grocery Store","","","USDA","San Francisco (City, 2020)"
"Western Sunset Market no","4099 Judah St","","San Francisco","CA","94122","SAN FRANCISCO","Convenience Store","","","USDA","San Francisco (City, 2020)"
"Whole Foods Market 10044","1765 California St","","San Francisco","CA","94109","SAN FRANCISCO","Super Store","","","USDA","San Francisco (City, 2020)"
"Whole Foods Market 10151","399 4th St","","San Francisco","CA","94107","SAN FRANCISCO","Super Store","","","USDA","San Francisco (City, 2020)"
"Whole Foods Market 10238","450 Rhode Island St","","San Francisco","CA","94107","SAN FRANCISCO","Super Store","","","USDA","San Francisco (City, 2020)"
"Whole Foods Market 10362","690 Stanyan St","","San Francisco","CA","94117","SAN FRANCISCO","Super Store","","","USDA","San Francisco (City, 2020)"
"Whole Foods Market 10379","3950 24th St","","San Francisco","CA","94114","SAN FRANCISCO","Super Store","","","USDA","San Francisco (City, 2020)"
"Whole Foods Market 10396","2001 Market St","","San Francisco","CA","94114","SAN FRANCISCO","Super Store","","","USDA","San Francisco (City, 2020)"
"Whole Foods Market 10432","1150 Ocean Ave","","San Francisco","CA","94112","SAN FRANCISCO","Super Store","","","USDA","San Francisco (City, 2020)"
"Whole Foods Market 10717","3251 20th Ave","","San Francisco","CA","94132","SAN FRANCISCO","Super Store","","","USDA","San Francisco (City, 2020)"
"Wiley's Liqour","1015 Ocean Ave","","San Francisco","CA","94112","SAN FRANCISCO","Convenience Store","","","USDA","San Francisco (City, 2020)"
"Wing Hing Seafood Market Inc.","633 Clement St","","San Francisco","CA","94118","SAN FRANCISCO","Specialty Store","","","USDA","San Francisco (City, 2020)"
"Wing Stop #2143","1507 Sloat Blvd","","San Francisco","CA","94132","SAN FRANCISCO","Restaurant Meals Program","","","USDA","San Francisco (City, 2020)"
"Wl Trading Inc","844 Jackson St","","San Francisco","CA","94133","SAN FRANCISCO","Other","","","USDA","San Francisco (City, 2020)"
"Woodlands Market SF","318 Main St","Ste 101","San Francisco","CA","94105","SAN FRANCISCO","Supermarket","","","USDA","San Francisco (City, 2020)"
"Woori Food Market 0","1528 Fillmore St","","San Francisco","CA","94115","SAN FRANCISCO","Supermarket","","","USDA","San Francisco (City, 2020)"
"Wycen Foods Inc.","862 Clay St","","San Francisco","CA","94108","SAN FRANCISCO","Specialty Store","","","USDA","San Francisco (City, 2020)"
"Xing Wang Market","724 Broadway","","San Francisco","CA","94133","SAN FRANCISCO","Grocery Store","","","USDA","San Francisco (City, 2020)"
"Xing Ye Trading Inc","1262 Stockton St","","San Francisco","CA","94133","SAN FRANCISCO","Grocery Store","","","USDA","San Francisco (City, 2020)"
"YANGTZE MARKET 2","4599 Mission St","","San Francisco","CA","94112","SAN FRANCISCO","Other","","","USDA","San Francisco (City, 2020)"
"YICKS LIQUOR","4701 Mission St","","San Francisco","CA","94112","SAN FRANCISCO","Convenience Store","","","USDA","San Francisco (City, 2020)"
"YING HUI CHINESE RESTAURANT","5125 Mission St","","San Francisco","CA","94112","SAN FRANCISCO","Restaurant Meals Program","","","USDA","San Francisco (City, 2020)"
"Yangtze Market","2026 Mission St","","San Francisco","CA","94110","SAN FRANCISCO","Specialty Store","","","USDA","San Francisco (City, 2020)"
"Yellowstone Market","716 Ofarrell St","","San Francisco","CA","94109","SAN FRANCISCO","Convenience Store","","","USDA","San Francisco (City, 2020)"
"Yibo Chen","1415 Stockton St","","San Francisco","CA","94133","SAN FRANCISCO","Grocery Store","","","USDA","San Francisco (City, 2020)"
"Yinxing Food Co","661 Clement St","","San Francisco","CA","94118","SAN FRANCISCO","Other","","","USDA","San Francisco (City, 2020)"
"Yogi Food Market #62","908 Sutter St","","San Francisco","CA","94109","SAN FRANCISCO","Convenience Store","","","USDA","San Francisco (City, 2020)"
"Young Ellis Produce","396 Ellis St","","San Francisco","CA","94102","SAN FRANCISCO","Convenience Store","","","USDA","San Francisco (City, 2020)"
"Yummy Pizza SF","709 Ofarrell St","","San Francisco","CA","94109","SAN FRANCISCO","Restaurant Meals Program","","","USDA","San Francisco (City, 2020)"
"Z SOUL CAFE","295 Eddy St","","San Francisco","CA","94102","SAN FRANCISCO","Restaurant Meals Program","","","USDA","San Francisco (City, 2020)"
"McDonald's #3171","609 Market St","","San Francisco","CA","94105","SAN FRANCISCO","Restaurant Meals Program","","","USDA","San Francisco (City, 2020)"
"McDonald's 3228","2805 Mission St","","San Francisco","CA","94110","SAN FRANCISCO","Restaurant Meals Program","","","USDA","San Francisco (City, 2020)"
"McDonald's 7413","345 Bay Shore Blvd","","San Francisco","CA","94124","SAN FRANCISCO","Restaurant Meals Program","","","USDA","San Francisco (City, 2020)"
"Mei Shen","808 Grant Ave","","San Francisco","CA","94108","SAN FRANCISCO","Other","","","USDA","San Francisco (City, 2020)"
"Mei Shen Ginseng Corporation","2206 Irving St","","San Francisco","CA","94122","SAN FRANCISCO","Other","","","USDA","San Francisco (City, 2020)"
"Mei's Groceries","1037 Stockton St","","San Francisco","CA","94108","SAN FRANCISCO","Grocery Store","","","USDA","San Francisco (City, 2020)"
"Mi Duo Duo Market","2309 Irving St","","San Francisco","CA","94122","SAN FRANCISCO","Other","","","USDA","San Francisco (City, 2020)"
"Mi Ranchito Produce","2169 Mission St","","San Francisco","CA","94110","SAN FRANCISCO","Grocery Store","","","USDA","San Francisco (City, 2020)"
"Mi Rancho Supermarket 1","5900 3rd St","C-2001","San Francisco","CA","94124","SAN FRANCISCO","Supermarket","","","USDA","San Francisco (City, 2020)"
"Mi Tierra Adelitas","2023 Mission St","","San Francisco","CA","94110","SAN FRANCISCO","Grocery Store","","","USDA","San Francisco (City, 2020)"
"Mid City Market","868 Geary St","","San Francisco","CA","94109","SAN FRANCISCO","Convenience Store","","","USDA","San Francisco (City, 2020)"
"Mike's Market","2200 Silver Ave","","San Francisco","CA","94124","SAN FRANCISCO","Convenience Store","","","USDA","San Francisco (City, 2020)"
"Mikes Liquors & Grocerie","2499 Mission St","","San Francisco","CA","94110","SAN FRANCISCO","Convenience Store","","","USDA","San Francisco (City, 2020)"
"Milan Pizza","606 Geary St","","San Francisco","CA","94102","SAN FRANCISCO","Restaurant Meals Program","","","USDA","San Francisco (City, 2020)"
"Miss Q's Convenience Llc","838 Washington St","","San Francisco","CA","94108","SAN FRANCISCO","Grocery Store","","","USDA","San Francisco (City, 2020)"
"Mission Community Market 38-024","84 Bartlett St","","San Francisco","CA","94110","SAN FRANCISCO","Farmers and Markets","","California Department of Food and Agriculture","USDA","San Francisco (City, 2020)"
"Mission Dolores Market","3698 20th St","","San Francisco","CA","94110","SAN FRANCISCO","Convenience Store","","","USDA","San Francisco (City, 2020)"
"Mission Food Center Inc","2366 Mission St","","San Francisco","CA","94110","SAN FRANCISCO","Grocery Store","","","USDA","San Francisco (City, 2020)"
"Mission Martco 356457","5098 Mission St","","San Francisco","CA","94112","SAN FRANCISCO","Convenience Store","","","USDA","San Francisco (City, 2020)"
"Mission Shell 170","3550 Mission St","","San Francisco","CA","94110","SAN FRANCISCO","Convenience Store","","","USDA","San Francisco (City, 2020)"
"Modena Pizza and Ice Cream","32 6th St","","San Francisco","CA","94103","SAN FRANCISCO","Restaurant Meals Program","","","USDA","San Francisco (City, 2020)"
"Mollie Stone's Tower Market","635 Portola Dr","","San Francisco","CA","94127","SAN FRANCISCO","Super Store","","","USDA","San Francisco (City, 2020)"
"Mollie Stones Market 9","4201 18th St","","San Francisco","CA","94114","SAN FRANCISCO","Super Store","","","USDA","San Francisco (City, 2020)"
"Mp Seafood","848 Jackson St","","San Francisco","CA","94133","SAN FRANCISCO","Specialty Store","","","USDA","San Francisco (City, 2020)"
"Mulan's Market","2570 Noriega St","","San Francisco","CA","94122","SAN FRANCISCO","Other","","","USDA","San Francisco (City, 2020)"
"Mustafio's Pizza","1116 Polk St","","San Francisco","CA","94109","SAN FRANCISCO","Restaurant Meals Program","","","USDA","San Francisco (City, 2020)"
"NEW CASA MARIA","1201 S Van Ness Ave","","San Francisco","CA","94110","SAN FRANCISCO","Grocery Store","","","USDA","San Francisco (City, 2020)"
"NEW INDIA BAZAR","1107 Polk St","","San Francisco","CA","94109","SAN FRANCISCO","Grocery Store","","","USDA","San Francisco (City, 2020)"
"NEW LIEN HING LLC","400 Clement St","","San Francisco","CA","94118","SAN FRANCISCO","Supermarket","","","USDA","San Francisco (City, 2020)"
"NICK'S SUPER MARKET","144 PAGE STREET","","SAN FRANCISCO","CA","94102","SAN FRANCISCO","Grocery Store","","","USDA","San Francisco (City, 2020)"
"NORMAN'S LIQUOR","733 Randolph St","","San Francisco","CA","94132","SAN FRANCISCO","Convenience Store","","","USDA","San Francisco (City, 2020)"
"Nabilas Natural Foods Corp","559 Hayes St","","San Francisco","CA","94102","SAN FRANCISCO","Grocery Store","","","USDA","San Francisco (City, 2020)"
"Neill's Liquor & Groceries","521 3rd St","","San Francisco","CA","94107","SAN FRANCISCO","Convenience Store","","","USDA","San Francisco (City, 2020)"
"New College Hill Market","3798 Mission St","","San Francisco","CA","94110","SAN FRANCISCO","Convenience Store","","","USDA","San Francisco (City, 2020)"
"New Fruit Garden Llc","1216 Stockton St","","San Francisco","CA","94133","SAN FRANCISCO","Other","","","USDA","San Francisco (City, 2020)"
"New Hampshire Market","2701 20th St","","San Francisco","CA","94110","SAN FRANCISCO","Convenience Store","","","USDA","San Francisco (City, 2020)"
"New Heng Fung Inc.","2444 Noriega St","","San Francisco","CA","94122","SAN FRANCISCO","Grocery Store","","","USDA","San Francisco (City, 2020)"
"New Louie's Inc.","1213 Stockton St","","San Francisco","CA","94133","SAN FRANCISCO","Specialty Store","","","USDA","San Francisco (City, 2020)"
"New Luen Sing Fish Market","1207 Stockton St","","San Francisco","CA","94133","SAN FRANCISCO","Specialty Store","","","USDA","San Francisco (City, 2020)"
"New Rainbow House LLC","1014 Stockton St","","San Francisco","CA","94108","SAN FRANCISCO","Other","","","USDA","San Francisco (City, 2020)"
"New Sheng Hing Market 2","1265 Stockton St","","San Francisco","CA","94133","SAN FRANCISCO","Specialty Store","","","USDA","San Francisco (City, 2020)"
"New Sheng Hing Market Inc.","1107 Stockton St","","San Francisco","CA","94133","SAN FRANCISCO","Grocery Store","","","USDA","San Francisco (City, 2020)"
"New Star Ell","501 Divisadero St","","San Francisco","CA","94117","SAN FRANCISCO","Convenience Store","","","USDA","San Francisco (City, 2020)"
"New Tuong Phong Market","628 Ellis St","","San Francisco","CA","94109","SAN FRANCISCO","Grocery Store","","","USDA","San Francisco (City, 2020)"
"New Wing Cheung Store","2121 Irving St","","San Francisco","CA","94122","SAN FRANCISCO","Grocery Store","","","USDA","San Francisco (City, 2020)"
"New Wing Lung Food Inc.","835 Pacific Ave","","San Francisco","CA","94133","SAN FRANCISCO","Grocery Store","","","USDA","San Francisco (City, 2020)"
"New World Market","5641 Geary Blvd","","San Francisco","CA","94121","SAN FRANCISCO","Other","","","USDA","San Francisco (City, 2020)"
"New York Tobacco","29 Grove St","","San Francisco","CA","94102","SAN FRANCISCO","Convenience Store","","","USDA","San Francisco (City, 2020)"
"Nicks Food 1659","1659 Market St","","San Francisco","CA","94103","SAN FRANCISCO","Convenience Store","","","USDA","San Francisco (City, 2020)"
"Nob Hill Liquor","1000 Hyde St","","San Francisco","CA","94109","SAN FRANCISCO","Convenience Store","","","USDA","San Francisco (City, 2020)"
"Noe Valley Farmers' Market","3861 24th St","","San Francisco","CA","94114","SAN FRANCISCO","Farmers and Markets","","","USDA","San Francisco (City, 2020)"
"Noors Snacks","565 Ellis St","","San Francisco","CA","94109","SAN FRANCISCO","Convenience Store","","","USDA","San Francisco (City, 2020)"
"Noriega Produce","3701 Noriega St","","San Francisco","CA","94122","SAN FRANCISCO","Other","","","USDA","San Francisco (City, 2020)"
"North Beach Farmers Market","659 Columbus Ave","","San Francisco","CA","94133","SAN FRANCISCO","Farmers and Markets","","","USDA","San Francisco (City, 2020)"
"O'FARRELL LIQUORS","405 Ofarrell St","","San Francisco","CA","94102","SAN FRANCISCO","Convenience Store","","","USDA","San Francisco (City, 2020)"
"Oak Hill Market","497 Oak St","","San Francisco","CA","94102","SAN FRANCISCO","Convenience Store","","","USDA","San Francisco (City, 2020)"
"Ocean Seafood Market Inc","1500 Ocean Ave","","San Francisco","CA","94112","SAN FRANCISCO","Specialty Store","","","USDA","San Francisco (City, 2020)"
"Olive","304 Clement St","","San Francisco","CA","94118","SAN FRANCISCO","Convenience Store","","","USDA","San Francisco (City, 2020)"
"Olooneys Market","588 Haight St","","San Francisco","CA","94117","SAN FRANCISCO","Convenience Store","","","USDA","San Francisco (City, 2020)"
"Other Avenues","3930 Judah St","","San Francisco","CA","94122","SAN FRANCISCO","Supermarket","","","USDA","San Francisco (City, 2020)"
"Outer Sunset Farmers Market & Mercantile","1994 37th Ave","","San Francisco","CA","94116","SAN FRANCISCO","Farmers and Markets","","","USDA","San Francisco (City, 2020)"
"Oxbridge Market","790 Silver Ave","","San Francisco","CA","94134","SAN FRANCISCO","Convenience Store","","","USDA","San Francisco (City, 2020)"
"Palou Market","4919 3rd St","","San Francisco","CA","94124","SAN FRANCISCO","Grocery Store","","","USDA","San Francisco (City, 2020)"
"Pang Kee Bargain Market","1308 Stockton St","","San Francisco","CA","94133","SAN FRANCISCO","Grocery Store","","","USDA","San Francisco (City, 2020)"
"Papa Johns #3654","69 Cambon Dr","","San Francisco","CA","94132","SAN FRANCISCO","Restaurant Meals Program","","","USDA","San Francisco (City, 2020)"
"Park Plaza Fine Foods","111 Cambon Dr","","San Francisco","CA","94132","SAN FRANCISCO","Grocery Store","","","USDA","San Francisco (City, 2020)"
"Park Presidio Liquors","4400 California St","","San Francisco","CA","94118","SAN FRANCISCO","Convenience Store","","","USDA","San Francisco (City, 2020)"
"Parkside Farmers Market","555 Taraval St","","San Francisco","CA","94116","SAN FRANCISCO","Grocery Store","","","USDA","San Francisco (City, 2020)"
"Pay And Save Market none","599 Guerrero St","","San Francisco","CA","94110","SAN FRANCISCO","Convenience Store","","","USDA","San Francisco (City, 2020)"
"Pine & Taylor Market","996 Pine St","","San Francisco","CA","94108","SAN FRANCISCO","Convenience Store","","","USDA","San Francisco (City, 2020)"
"Plaza Snacks & Deli 1","77 McAllister St","","San Francisco","CA","94102","SAN FRANCISCO","Convenience Store","","","USDA","San Francisco (City, 2020)"
"Polk Market 4152405317","634 Polk St","","San Francisco","CA","94102","SAN FRANCISCO","Convenience Store","","","USDA","San Francisco (City, 2020)"
"Polk-n-Post Convenience Store","1101 Post St","","San Francisco","CA","94109","SAN FRANCISCO","Convenience Store","","","USDA","San Francisco (City, 2020)"
"Popstar Shawarma","91 6th St","","San Francisco","CA","94103","SAN FRANCISCO","Restaurant Meals Program","","","USDA","San Francisco (City, 2020)"
"Portola Grocery Outlet","1390 Silver Ave","","San Francisco","CA","94134","SAN FRANCISCO","Other","","","USDA","San Francisco (City, 2020)"
"Potrero Shell 159","2890 3rd St","","San Francisco","CA","94107","SAN FRANCISCO","Convenience Store","","","USDA","San Francisco (City, 2020)"
"Punj Liquor","2301 Van Ness Ave","","San Francisco","CA","94109","SAN FRANCISCO","Convenience Store","","","USDA","San Francisco (City, 2020)"
"RICHMOND NEW MAY WAH SUPERMARKET","707 Clement St # 719","","San Francisco","CA","94118","SAN FRANCISCO","Super Store","","","USDA","San Francisco (City, 2020)"
"ROUND THE CLOCK","1001 Bush St","","San Francisco","CA","94109","SAN FRANCISCO","Convenience Store","","","USDA","San Francisco (City, 2020)"
"Radman's Produce Market","201 Turk St Ste D","","San Francisco","CA","94102","SAN FRANCISCO","Grocery Store","","","USDA","San Francisco (City, 2020)"
"Rainbow Grocery Co-op","1745 Folsom St","","San Francisco","CA","94103","SAN FRANCISCO","Super Store","","","USDA","San Francisco (City, 2020)"
"Rainbow Market & Deli","684 Larkin St","","San Francisco","CA","94109","SAN FRANCISCO","Grocery Store","","","USDA","San Francisco (City, 2020)"
"Rapti Liquor & Grocery 1","330 5th St","","San Francisco","CA","94107","SAN FRANCISCO","Convenience Store","","","USDA","San Francisco (City, 2020)"
"Ray Market And Deli Inc","2898 Folsom St","","San Francisco","CA","94110","SAN FRANCISCO","Convenience Store","","","USDA","San Francisco (City, 2020)"
"Red A Dim Sum","634 Clement St","","San Francisco","CA","94118","SAN FRANCISCO","Restaurant Meals Program","","","USDA","San Francisco (City, 2020)"
"Ricci's Market","2790 24th St","","San Francisco","CA","94110","SAN FRANCISCO","Convenience Store","","","USDA","San Francisco (City, 2020)"
"Richland Market","648 Andover St","","San Francisco","CA","94110","SAN FRANCISCO","Convenience Store","","","USDA","San Francisco (City, 2020)"
"Roxie Food Center Sf","1901 San Jose Ave","","San Francisco","CA","94112","SAN FRANCISCO","Convenience Store","","","USDA","San Francisco (City, 2020)"
"Roxie Market","500 Kirkham St","","San Francisco","CA","94122","SAN FRANCISCO","Other","","","USDA","San Francisco (City, 2020)"
"Royal Market And Bakery","5335 Geary Blvd","","San Francisco","CA","94121","SAN FRANCISCO","Convenience Store","","","USDA","San Francisco (City, 2020)"
"Rubin's Market","2997 Folsom St","","San Francisco","CA","94110","SAN FRANCISCO","Convenience Store","","","USDA","San Francisco (City, 2020)"
"Run Feng Hai Wei Chinese Herbal Inc","753 Jackson St","","San Francisco","CA","94133","SAN FRANCISCO","Grocery Store","","","USDA","San Francisco (City, 2020)"
"S & B Supermarket","2203 Irving St","","San Francisco","CA","94122","SAN FRANCISCO","Grocery Store","","","USDA","San Francisco (City, 2020)"
"S & M Ginseng","1000 Stockton St","","San Francisco","CA","94108","SAN FRANCISCO","Other","","","USDA","San Francisco (City, 2020)"
"S & M Ginseng","919 Grant Ave","","San Francisco","CA","94108","SAN FRANCISCO","Grocery Store","","","USDA","San Francisco (City, 2020)"
"S & M Liquor And Market Inc","1939 Mission St","","San Francisco","CA","94103","SAN FRANCISCO","Convenience Store","","","USDA","San Francisco (City, 2020)"
"S & R Supermarket Inc.","595 Ellis St","","San Francisco","CA","94109","SAN FRANCISCO","Convenience Store","","","USDA","San Francisco (City, 2020)"
"S & W MARKET","399 Haight St","","San Francisco","CA","94102","SAN FRANCISCO","Convenience Store","","","USDA","San Francisco (City, 2020)"
"SAFEWAY  1490","2300 16th St","","San Francisco","CA","94103","SAN FRANCISCO","Supermarket","","","USDA","San Francisco (City, 2020)"
"SAFEWAY  4601","145 Jackson St","","San Francisco","CA","94111","SAN FRANCISCO","Supermarket","","","USDA","San Francisco (City, 2020)"
"SAFEWAY  667","5290 Diamond Heights Blvd","","San Francisco","CA","94131","SAN FRANCISCO","Supermarket","","","USDA","San Francisco (City, 2020)"
"SAFEWAY  739","3350 Mission St","","San Francisco","CA","94110","SAN FRANCISCO","Supermarket","","","USDA","San Francisco (City, 2020)"
"SAFEWAY  785","850 La Playa St","","San Francisco","CA","94121","SAN FRANCISCO","Supermarket","","","USDA","San Francisco (City, 2020)"
"SAFEWAY  909","730 Taraval St","","San Francisco","CA","94116","SAN FRANCISCO","Supermarket","","","USDA","San Francisco (City, 2020)"
"SAFEWAY  964","4950 Mission St","","San Francisco","CA","94112","SAN FRANCISCO","Supermarket","","","USDA","San Francisco (City, 2020)"
"SAFEWAY  985","2350 Noriega St","","San Francisco","CA","94122","SAN FRANCISCO","Supermarket","","","USDA","San Francisco (City, 2020)"
"SAFEWAY  995","1335 Webster St","","San Francisco","CA","94115","SAN FRANCISCO","Supermarket","","","USDA","San Francisco (City, 2020)"
"SAFEWAY 1507","2020 Market St","","San Francisco","CA","94114","SAN FRANCISCO","Supermarket","","","USDA","San Francisco (City, 2020)"
"SAFEWAY 1711","15 Marina Blvd","","San Francisco","CA","94123","SAN FRANCISCO","Supermarket","","","USDA","San Francisco (City, 2020)"
"SAFEWAY 2606","298 King St","","San Francisco","CA","94107","SAN FRANCISCO","Supermarket","","","USDA","San Francisco (City, 2020)"
"SAFEWAY 759","625 Monterey Blvd","","San Francisco","CA","94127","SAN FRANCISCO","Supermarket","","","USDA","San Francisco (City, 2020)"
"SALAMA HALAL MEAT","604 Geary St","","San Francisco","CA","94102","SAN FRANCISCO","Other","","","USDA","San Francisco (City, 2020)"
"SAN BRUNO SUPERMARKET","2480 San Bruno Ave","","San Francisco","CA","94134","SAN FRANCISCO","Supermarket","","","USDA","San Francisco (City, 2020)"
"SF 3rd Street Shell 153","551 3rd St","","San Francisco","CA","94107","SAN FRANCISCO","Convenience Store","","","USDA","San Francisco (City, 2020)"
"SF Liquor And Food Mart","667 Broderick St","","San Francisco","CA","94117","SAN FRANCISCO","Convenience Store","","","USDA","San Francisco (City, 2020)"
"SF Noriega New Century Seafood Market Inc","2427 Noriega St","","San Francisco","CA","94122","SAN FRANCISCO","Other","","","USDA","San Francisco (City, 2020)"
"SK&L Trading LLC","1101 Stockton St","","San Francisco","CA","94133","SAN FRANCISCO","Other","","","USDA","San Francisco (City, 2020)"
"SMART & FINAL 351","350 7th Ave","","San Francisco","CA","94118","SAN FRANCISCO","Super Store","","","USDA","San Francisco (City, 2020)"
"STEWART'S MARKET","2498 Sutter St","","San Francisco","CA","94115","SAN FRANCISCO","Convenience Store","","","USDA","San Francisco (City, 2020)"
"SUN FAT SEAFOOD","2687 Mission St","","San Francisco","CA","94110","SAN FRANCISCO","Specialty Store","","","USDA","San Francisco (City, 2020)"
"Saabis Groceries","1599 Revere Ave","","San Francisco","CA","94124","SAN FRANCISCO","Convenience Store","","","USDA","San Francisco (City, 2020)"
"Saba Live Poultry 2","1526 Wallace Ave","","San Francisco","CA","94124","SAN FRANCISCO","Specialty Store","","","USDA","San Francisco (City, 2020)"
"Safeway 2646","735 7th Ave","","San Francisco","CA","94118","SAN FRANCISCO","Supermarket","","","USDA","San Francisco (City, 2020)"
"Salama Foods Center","600 Geary St","","San Francisco","CA","94102","SAN FRANCISCO","Grocery Store","","","USDA","San Francisco (City, 2020)"
"Salem Grocery","920 Geary St","","San Francisco","CA","94109","SAN FRANCISCO","Convenience Store","","","USDA","San Francisco (City, 2020)"
"Sam's Market","580 Precita Ave","","San Francisco","CA","94110","SAN FRANCISCO","Convenience Store","","","USDA","San Francisco (City, 2020)"
"Samiramis Market","2990 Mission St","","San Francisco","CA","94110","SAN FRANCISCO","Grocery Store","","","USDA","San Francisco (City, 2020)"
"Samy's Liquor","2847 24th St","","San Francisco","CA","94110","SAN FRANCISCO","Convenience Store","","","USDA","San Francisco (City, 2020)"
"San Francisco Farmers Market","4929 Mission St","","San Francisco","CA","94112","SAN FRANCISCO","Grocery Store","","","USDA","San Francisco (City, 2020)"
"San Francisco Poultry","1114 Grant Ave","","San Francisco","CA","94133","SAN FRANCISCO","Specialty Store","","","USDA","San Francisco (City, 2020)"
"Santa Clara Nature Organic Market","798 Haight St","","San Francisco","CA","94117","SAN FRANCISCO","Grocery Store","","","USDA","San Francisco (City, 2020)"
"Sav More Market","4522 3rd St","","San Francisco","CA","94124","SAN FRANCISCO","Convenience Store","","","USDA","San Francisco (City, 2020)"
"Serve U Market","2750 21st St","","San Francisco","CA","94110","SAN FRANCISCO","Convenience Store","","","USDA","San Francisco (City, 2020)"
"Sf Discount Market","236 Leavenworth St","","San Francisco","CA","94102","SAN FRANCISCO","Convenience Store","","","USDA","San Francisco (City, 2020)"
"Sf Hop Hing Llc","1211 Stockton St","","San Francisco","CA","94133","SAN FRANCISCO","Grocery Store","","","USDA","San Francisco (City, 2020)"
"Sf Organica","500 Larkin St","","San Francisco","CA","94102","SAN FRANCISCO","Grocery Store","","","USDA","San Francisco (City, 2020)"
"Shun Yuan Herbs Ginseng Inc.","2713 San Bruno Ave","","San Francisco","CA","94134","SAN FRANCISCO","Grocery Store","","","USDA","San Francisco (City, 2020)"
"Silver Market Inc","2501 San Bruno Ave","","San Francisco","CA","94134","SAN FRANCISCO","Grocery Store","","","USDA","San Francisco (City, 2020)"
"Siu Wah Food Inc","2102 Irving St","","San Francisco","CA","94122","SAN FRANCISCO","Grocery Store","","","USDA","San Francisco (City, 2020)"
"Snack & Bottle Shop","644 Persia Ave","","San Francisco","CA","94112","SAN FRANCISCO","Convenience Store","","","USDA","San Francisco (City, 2020)"
"So Pho So Good","2445 Noriega St","","San Francisco","CA","94122","SAN FRANCISCO","Restaurant Meals Program","","","USDA","San Francisco (City, 2020)"
"Soma Produce Market 1","110 6th St","","San Francisco","CA","94103","SAN FRANCISCO","Grocery Store","","","USDA","San Francisco (City, 2020)"
"Soma West Farmers Market","398 12th St","","San Francisco","CA","94103","SAN FRANCISCO","Farmers and Markets","","","USDA","San Francisco (City, 2020)"
"Sonoma Liquors Co","65 6th St","","San Francisco","CA","94103","SAN FRANCISCO","Convenience Store","","","USDA","San Francisco (City, 2020)"
"Spot Lite Market","298 Guerrero St","","San Francisco","CA","94103","SAN FRANCISCO","Convenience Store","","","USDA","San Francisco (City, 2020)"
"Star Market & Liquor","689 Geary St","","San Francisco","CA","94102","SAN FRANCISCO","Convenience Store","","","USDA","San Francisco (City, 2020)"
"Stardust Market","3801 Geary Blvd","","San Francisco","CA","94118","SAN FRANCISCO","Convenience Store","","","USDA","San Francisco (City, 2020)"
"Starlight Market","402 Ellis St","","San Francisco","CA","94102","SAN FRANCISCO","Convenience Store","","","USDA","San Francisco (City, 2020)"
"State Market","1231 Geneva Ave","","San Francisco","CA","94112","SAN FRANCISCO","Convenience Store","","","USDA","San Francisco (City, 2020)"
"Stonestown Farmers Market/Ag Institute of Marin","3251 20th Avenue","","San Francisco","CA","94132","SAN FRANCISCO","Farmers and Markets","","California Department of Food and Agriculture","USDA","San Francisco (City, 2020)"
"Stop & Shop Market","3000 Mission St","","San Francisco","CA","94110","SAN FRANCISCO","Convenience Store","","","USDA","San Francisco (City, 2020)"
"Subway #33355","750 Font Blvd","","San Francisco","CA","94132","SAN FRANCISCO","Restaurant Meals Program","","","USDA","San Francisco (City, 2020)"
"Subway #43108","4841 Mission St","","San Francisco","CA","94112","SAN FRANCISCO","Restaurant Meals Program","","","USDA","San Francisco (City, 2020)"
"Subway #67223","350 Bay St","Suite 1","San Francisco","CA","94133","SAN FRANCISCO","Restaurant Meals Program","","","USDA","San Francisco (City, 2020)"
"Subway #7154","3801 3rd St","Ste 310","San Francisco","CA","94124","SAN FRANCISCO","Restaurant Meals Program","","","USDA","San Francisco (City, 2020)"
"Sun Sun Trading Co","1226 Stockton St","","San Francisco","CA","94133","SAN FRANCISCO","Other","","","USDA","San Francisco (City, 2020)"
"Sunset Super","2801 Vicente St","","San Francisco","CA","94116","SAN FRANCISCO","Super Store","","","USDA","San Francisco (City, 2020)"
"Super Discount Market","738 Larkin St","","San Francisco","CA","94109","SAN FRANCISCO","Grocery Store","","","USDA","San Francisco (City, 2020)"
"Super Save Market","4517 3rd St","","San Francisco","CA","94124","SAN FRANCISCO","Grocery Store","","","USDA","San Francisco (City, 2020)"
"Superb Garden Grocery","2433 Noriega St","","San Francisco","CA","94122","SAN FRANCISCO","Other","","","USDA","San Francisco (City, 2020)"
"Superette Market","901 Haight St","","San Francisco","CA","94117","SAN FRANCISCO","Convenience Store","","","USDA","San Francisco (City, 2020)"
"Sutter Fine Food","988 Sutter St","","San Francisco","CA","94109","SAN FRANCISCO","Grocery Store","","","USDA","San Francisco (City, 2020)"
"Sutter Market","1144 Sutter St","","San Francisco","CA","94109","SAN FRANCISCO","Grocery Store","","","USDA","San Francisco (City, 2020)"
"Sweet Chinito","3100 Mission St","","San Francisco","CA","94110","SAN FRANCISCO","Restaurant Meals Program","","","USDA","San Francisco (City, 2020)"
"Boss Supermarket","2551 Noriega St","","San Francisco","CA","94122","SAN FRANCISCO","Other","","","USDA","San Francisco (City, 2020)"
"Boye & J Grocery","915 Stockton St","","San Francisco","CA","94108","SAN FRANCISCO","Grocery Store","","","USDA","San Francisco (City, 2020)"
"Bread & Butter Market","888 O'Farrell St","","San Francisco","CA","94109","SAN FRANCISCO","Grocery Store","","","USDA","San Francisco (City, 2020)"
"Brother Mini Market","3845 Noriega St","","San Francisco","CA","94122","SAN FRANCISCO","Convenience Store","","","USDA","San Francisco (City, 2020)"
"Brothers Supermarket Inc","5501 Mission St","","San Francisco","CA","94112","SAN FRANCISCO","Convenience Store","","","USDA","San Francisco (City, 2020)"
"Bryant Supermarket","2201 Bryant St","","San Francisco","CA","94110","SAN FRANCISCO","Convenience Store","","","USDA","San Francisco (City, 2020)"
"Burger King 9365","3900 Geary Blvd  Suite 101","","San Francisco","CA","94118","SAN FRANCISCO","Restaurant Meals Program","","","USDA","San Francisco (City, 2020)"
"Bus Stop Liquors and Deli","2698 San Bruno Ave","","San Francisco","CA","94134","SAN FRANCISCO","Convenience Store","","","USDA","San Francisco (City, 2020)"
"Bush Market","820 Bush St","","San Francisco","CA","94108","SAN FRANCISCO","Grocery Store","","","USDA","San Francisco (City, 2020)"
"CASA LUCAS MARKET","2934 24th St","","San Francisco","CA","94110","SAN FRANCISCO","Supermarket","","","USDA","San Francisco (City, 2020)"
"CHARLIES DRUGS","1101 Fillmore St","","San Francisco","CA","94115","SAN FRANCISCO","Convenience Store","","","USDA","San Francisco (City, 2020)"
"CHICO'S PIZZA","131 6th St","","San Francisco","CA","94103","SAN FRANCISCO","Restaurant Meals Program","","","USDA","San Francisco (City, 2020)"
"CVS 10080","1059 Hyde St","","San Francisco","CA","94109","SAN FRANCISCO","Other","","","USDA","San Francisco (City, 2020)"
"CVS 10188","499 Haight St","","San Francisco","CA","94117","SAN FRANCISCO","Other","","","USDA","San Francisco (City, 2020)"
"CVS Pharmacy 10330","3600 Geary Blvd","","San Francisco","CA","94118","SAN FRANCISCO","Other","","","USDA","San Francisco (City, 2020)"
"CVS Pharmacy 11004","799 Beach St","","San Francisco","CA","94109","SAN FRANCISCO","Other","","","USDA","San Francisco (City, 2020)"
"CVS Pharmacy 11107","701 Van Ness Ave","","San Francisco","CA","94102","SAN FRANCISCO","Other","","","USDA","San Francisco (City, 2020)"
"CVS Pharmacy 4675","377 32nd Ave","","San Francisco","CA","94121","SAN FRANCISCO","Other","","","USDA","San Francisco (City, 2020)"
"CVS/pharmacy 1983","701 Portola Dr","","San Francisco","CA","94127","SAN FRANCISCO","Other","","","USDA","San Francisco (City, 2020)"
"Cadillac Grocery","499 Eddy St","","San Francisco","CA","94109","SAN FRANCISCO","Convenience Store","","","USDA","San Francisco (City, 2020)"
"Cafe La Rosa","791 Ofarrell St","","San Francisco","CA","94109","SAN FRANCISCO","Restaurant Meals Program","","","USDA","San Francisco (City, 2020)"
"California Grocery","123 Eddy St","","San Francisco","CA","94102","SAN FRANCISCO","Convenience Store","","","USDA","San Francisco (City, 2020)"
"California Produce Market","986 Polk St","","San Francisco","CA","94109","SAN FRANCISCO","Grocery Store","","","USDA","San Francisco (City, 2020)"
"California Shell 156","2501 California St","","San Francisco","CA","94115","SAN FRANCISCO","Convenience Store","","","USDA","San Francisco (City, 2020)"
"Canyon Market","2815 Diamond St","","San Francisco","CA","94131","SAN FRANCISCO","Supermarket","","","USDA","San Francisco (City, 2020)"
"Carls Jr 763","1 Hallidie Plaza","","San Francisco","CA","94102","SAN FRANCISCO","Restaurant Meals Program","","","USDA","San Francisco (City, 2020)"
"Casa Guadalupe Supermarket #3","2999 Mission St","","San Francisco","CA","94110","SAN FRANCISCO","Grocery Store","","","USDA","San Francisco (City, 2020)"
"Casa Guadalupe Supermarket 2","3400 Cesar Chavez","","San Francisco","CA","94110","SAN FRANCISCO","Supermarket","","","USDA","San Francisco (City, 2020)"
"Casa Latina Market Inc","3020 16th St","","San Francisco","CA","94103","SAN FRANCISCO","Grocery Store","","","USDA","San Francisco (City, 2020)"
"Casa Lucaz #3","4555 Mission St","","San Francisco","CA","94112","SAN FRANCISCO","Super Store","","","USDA","San Francisco (City, 2020)"
"Castro Farmers' Market","288 Noe St","","San Francisco","CA","94114","SAN FRANCISCO","Farmers and Markets","","California Department of Food and Agriculture","USDA","San Francisco (City, 2020)"
"Castro Liquor & Wine","2416 Market St","","San Francisco","CA","94114","SAN FRANCISCO","Convenience Store","","","USDA","San Francisco (City, 2020)"
"Central Haight Market","1301 Haight St","","San Francisco","CA","94117","SAN FRANCISCO","Convenience Store","","","USDA","San Francisco (City, 2020)"
"Central Park Natural","1900 Hayes St","","San Francisco","CA","94117","SAN FRANCISCO","Convenience Store","","","USDA","San Francisco (City, 2020)"
"Chang Da Chang Llc","860 Washington St","","San Francisco","CA","94108","SAN FRANCISCO","Grocery Store","","","USDA","San Francisco (City, 2020)"
"Chang Hong Meat Market","1335 Powell St","","San Francisco","CA","94133","SAN FRANCISCO","Specialty Store","","","USDA","San Francisco (City, 2020)"
"Chang Shing Co","1043 Stockton St","","San Francisco","CA","94108","SAN FRANCISCO","Grocery Store","","","USDA","San Francisco (City, 2020)"
"Changyi Trading Inc.","1018 Stockton St","","San Francisco","CA","94108","SAN FRANCISCO","Grocery Store","","","USDA","San Francisco (City, 2020)"
"Chevron 1512","1000 Harrison St","","San Francisco","CA","94103","SAN FRANCISCO","Convenience Store","","","USDA","San Francisco (City, 2020)"
"Chevron 1539","1288 19th Ave","","San Francisco","CA","94122","SAN FRANCISCO","Convenience Store","","","USDA","San Francisco (City, 2020)"
"Chevron 1712","1790 Lombard St","","San Francisco","CA","94123","SAN FRANCISCO","Convenience Store","","","USDA","San Francisco (City, 2020)"
"Chevron 1727","2998 San Jose Ave","","San Francisco","CA","94112","SAN FRANCISCO","Convenience Store","","","USDA","San Francisco (City, 2020)"
"Chevron 1768","3675 Geary Blvd","","San Francisco","CA","94118","SAN FRANCISCO","Convenience Store","","","USDA","San Francisco (City, 2020)"
"Chico's Pizza","468 Ellis St","","San Francisco","CA","94102","SAN FRANCISCO","Restaurant Meals Program","","","USDA","San Francisco (City, 2020)"
"Chun Sheng Tang Herbs Co.","1189 Geneva Ave","","San Francisco","CA","94112","SAN FRANCISCO","Grocery Store","","","USDA","San Francisco (City, 2020)"
"Church Produce","1798 Church St","","San Francisco","CA","94131","SAN FRANCISCO","Grocery Store","","","USDA","San Francisco (City, 2020)"
"Chuu Chuu Meat","1027 Stockton St","","San Francisco","CA","94108","SAN FRANCISCO","Specialty Store","","","USDA","San Francisco (City, 2020)"
"Cindys Market","2084 Hayes St","","San Francisco","CA","94117","SAN FRANCISCO","Grocery Store","","","USDA","San Francisco (City, 2020)"
"City Choice Market","301 5th St","","San Francisco","CA","94107","SAN FRANCISCO","Convenience Store","","","USDA","San Francisco (City, 2020)"
"City Discount Market","5527 Geary Blvd","","San Francisco","CA","94121","SAN FRANCISCO","Grocery Store","","","USDA","San Francisco (City, 2020)"
"City Discount Meat And Grocery Market","2298 Mission St","","San Francisco","CA","94110","SAN FRANCISCO","Grocery Store","","","USDA","San Francisco (City, 2020)"
"City Gas","2099 San Jose Ave","","San Francisco","CA","94112","SAN FRANCISCO","Convenience Store","","","USDA","San Francisco (City, 2020)"
"Civic Center Market","1218 Market St","","San Francisco","CA","94102","SAN FRANCISCO","Convenience Store","","","USDA","San Francisco (City, 2020)"
"Clement Dung Market","645 Clement St","","San Francisco","CA","94118","SAN FRANCISCO","Other","","","USDA","San Francisco (City, 2020)"
"Clement Seafood Center","831 Clement St","","San Francisco","CA","94118","SAN FRANCISCO","Specialty Store","","","USDA","San Francisco (City, 2020)"
"Clement Street Farmers Mkt/Ag Institute of Marin","Clement St","","San Francisco","CA","94118","SAN FRANCISCO","Farmers and Markets","","California Department of Food and Agriculture","USDA","San Francisco (City, 2020)"
"Constellation Culinary","55 Music Concourse Dr","","San Francisco","CA","94118","SAN FRANCISCO","Restaurant Meals Program","","","USDA","San Francisco (City, 2020)"
"Convenience Deli & Grocery","1201 Laguna St","","San Francisco","CA","94115","SAN FRANCISCO","Convenience Store","","","USDA","San Francisco (City, 2020)"
"Cool Guys","845 Holloway Ave","","San Francisco","CA","94112","SAN FRANCISCO","Convenience Store","","","USDA","San Francisco (City, 2020)"
"Cordova Market","301 Rolph St","","San Francisco","CA","94112","SAN FRANCISCO","Grocery Store","","","USDA","San Francisco (City, 2020)"
"Costco 144","450 10th St","","San Francisco","CA","94103","SAN FRANCISCO","Super Store","","","USDA","San Francisco (City, 2020)"
"D&T Market","1118 Stockton St","","San Francisco","CA","94133","SAN FRANCISCO","Grocery Store","","","USDA","San Francisco (City, 2020)"
"DIANA MKT 2","282 9th St","","San Francisco","CA","94103","SAN FRANCISCO","Convenience Store","","","USDA","San Francisco (City, 2020)"
"Hollywood Food Center","6146 Geary Blvd","","San Francisco","CA","94121","SAN FRANCISCO","Convenience Store","","","USDA","San Francisco (City, 2020)"
"Horizon Market","735 Polk St","","San Francisco","CA","94109","SAN FRANCISCO","Convenience Store","","","USDA","San Francisco (City, 2020)"
"Hua Long Trading Inc 1","714 Jackson St","","San Francisco","CA","94133","SAN FRANCISCO","Grocery Store","","","USDA","San Francisco (City, 2020)"
"Huaxing Produce Inc. 1","1200 Stockton St","","San Francisco","CA","94133","SAN FRANCISCO","Other","","","USDA","San Francisco (City, 2020)"
"Huizhong Trade Co Llc","2883 San Bruno Ave","","San Francisco","CA","94134","SAN FRANCISCO","Other","","","USDA","San Francisco (City, 2020)"
"Hyde-Ofarrelle Market","701 Ofarrell St","","San Francisco","CA","94109","SAN FRANCISCO","Convenience Store","","","USDA","San Francisco (City, 2020)"
"I & J Market","2415 Noriega St","","San Francisco","CA","94122","SAN FRANCISCO","Grocery Store","","","USDA","San Francisco (City, 2020)"
"Icu Deli Inc","496 Eddy St","","San Francisco","CA","94109","SAN FRANCISCO","Convenience Store","","","USDA","San Francisco (City, 2020)"
"Icu Market & Deli Inc","514 Minna St","","San Francisco","CA","94103","SAN FRANCISCO","Convenience Store","","","USDA","San Francisco (City, 2020)"
"Imperial Square Liquors","251 Ellis St","","San Francisco","CA","94102","SAN FRANCISCO","Convenience Store","","","USDA","San Francisco (City, 2020)"
"Indian Spices And Groceries","3265 22nd St","","San Francisco","CA","94110","SAN FRANCISCO","Grocery Store","","","USDA","San Francisco (City, 2020)"
"Inle Burmese Cuisine","822 Irving St","","San Francisco","CA","94122","SAN FRANCISCO","Restaurant Meals Program","","","USDA","San Francisco (City, 2020)"
"Inner Sunset Farmers' Market","1326 9th Ave","","San Francisco","CA","94122","SAN FRANCISCO","Farmers and Markets","","California Department of Food and Agriculture","USDA","San Francisco (City, 2020)"
"International Produce Market","2200 Mission St","","San Francisco","CA","94110","SAN FRANCISCO","Grocery Store","","","USDA","San Francisco (City, 2020)"
"Irving Pizza","928 Geary St","","San Francisco","CA","94109","SAN FRANCISCO","Restaurant Meals Program","","","USDA","San Francisco (City, 2020)"
"Island Cove Market Inc","800 Avenue H","","San Francisco","CA","94130","SAN FRANCISCO","Grocery Store","","","USDA","San Francisco (City, 2020)"
"J & Food Ginseng Company","2409 Irving St","","San Francisco","CA","94122","SAN FRANCISCO","Grocery Store","","","USDA","San Francisco (City, 2020)"
"J & L Vegi Supermarket 1","1215 Stockton St","","San Francisco","CA","94133","SAN FRANCISCO","Other","","","USDA","San Francisco (City, 2020)"
"J & S Produce Inc.","2542 San Bruno Ave","","San Francisco","CA","94134","SAN FRANCISCO","Other","","","USDA","San Francisco (City, 2020)"
"J & W Market","723 Pine St","","San Francisco","CA","94108","SAN FRANCISCO","Convenience Store","","","USDA","San Francisco (City, 2020)"
"J Mart","1600 Post St","","San Francisco","CA","94115","SAN FRANCISCO","Convenience Store","","","USDA","San Francisco (City, 2020)"
"JBC Market","832 Stockton St","Unit A","San Francisco","CA","94108","SAN FRANCISCO","Other","","","USDA","San Francisco (City, 2020)"
"JERUSALEM MARKET","1300 Fitzgerald Ave","","San Francisco","CA","94124","SAN FRANCISCO","Convenience Store","","","USDA","San Francisco (City, 2020)"
"JR Seafood Corp","310 Bay Shore Blvd","","San Francisco","CA","94124","SAN FRANCISCO","Specialty Store","","","USDA","San Francisco (City, 2020)"
"Jacks Market Inc","471 3rd St","","San Francisco","CA","94107","SAN FRANCISCO","Convenience Store","","","USDA","San Francisco (City, 2020)"
"Jai Ho Indian Grocery","1462 Fillmore St","","San Francisco","CA","94115","SAN FRANCISCO","Other","","","USDA","San Francisco (City, 2020)"
"Jin Yang Market","49 Walter U Lum Pl","","San Francisco","CA","94108","SAN FRANCISCO","Other","","","USDA","San Francisco (City, 2020)"
"Jugao Dry Goods Store","145 Waverly Pl","","San Francisco","CA","94108","SAN FRANCISCO","Other","","","USDA","San Francisco (City, 2020)"
"Jumbo Trading Company Llc","761 Jackson St","","San Francisco","CA","94133","SAN FRANCISCO","Other","","","USDA","San Francisco (City, 2020)"
"Jupiter Market","4567 Mission St","","San Francisco","CA","94112","SAN FRANCISCO","Convenience Store","","","USDA","San Francisco (City, 2020)"
"K & D Market","3177 16th St","","San Francisco","CA","94103","SAN FRANCISCO","Convenience Store","","","USDA","San Francisco (City, 2020)"
"KING'S BAKERY","2846 Mission St","","San Francisco","CA","94110","SAN FRANCISCO","Convenience Store","","","USDA","San Francisco (City, 2020)"
"Kansas Food Market","2250 23rd St","","San Francisco","CA","94107","SAN FRANCISCO","Convenience Store","","","USDA","San Francisco (City, 2020)"
"Kash Daddy's","1051 Market St","","San Francisco","CA","94103","SAN FRANCISCO","Restaurant Meals Program","","","USDA","San Francisco (City, 2020)"
"Kentucky Fried Chicken #236","1150 Taraval St","","San Francisco","CA","94116","SAN FRANCISCO","Restaurant Meals Program","","","USDA","San Francisco (City, 2020)"
"Kentucky Fried Chicken #248","4150 Geary Blvd","","San Francisco","CA","94118","SAN FRANCISCO","Restaurant Meals Program","","","USDA","San Francisco (City, 2020)"
"Kentucky Fried Chicken #249","691 Eddy St","","San Francisco","CA","94109","SAN FRANCISCO","Restaurant Meals Program","","","USDA","San Francisco (City, 2020)"
"Key Food Market","501 Fillmore St","","San Francisco","CA","94117","SAN FRANCISCO","Convenience Store","","","USDA","San Francisco (City, 2020)"
"Kim Hoang Cafe and Fast Food","246 Leavenworth St","","San Francisco","CA","94102","SAN FRANCISCO","Restaurant Meals Program","","","USDA","San Francisco (City, 2020)"
"King Lee Chinese Restaurant","1426A Fillmore St","","San Francisco","CA","94115","SAN FRANCISCO","Restaurant Meals Program","","","USDA","San Francisco (City, 2020)"
"King Poultry And Produce","758 Broadway","","San Francisco","CA","94133","SAN FRANCISCO","Specialty Store","","","USDA","San Francisco (City, 2020)"
"Kj Produce Market","400 Irving St","","San Francisco","CA","94122","SAN FRANCISCO","Grocery Store","","","USDA","San Francisco (City, 2020)"
"Komi Food Company","898 Stockton St","","San Francisco","CA","94108","SAN FRANCISCO","Grocery Store","","","USDA","San Francisco (City, 2020)"
"Kwik & Convenient","600 Monterey Blvd","","San Francisco","CA","94127","SAN FRANCISCO","Convenience Store","","","USDA","San Francisco (City, 2020)"
"Kwok Hong Chinese Herbs Inc","3309 Balboa St","","San Francisco","CA","94121","SAN FRANCISCO","Grocery Store","","","USDA","San Francisco (City, 2020)"
"Kwong Tai","1122 Grant Ave","","San Francisco","CA","94133","SAN FRANCISCO","Other","","","USDA","San Francisco (City, 2020)"
"L & J Groceries","21 Leland Ave","","San Francisco","CA","94134","SAN FRANCISCO","Grocery Store","","","USDA","San Francisco (City, 2020)"
"LA LOMA #10","2456 San Bruno Ave","","San Francisco","CA","94134","SAN FRANCISCO","Grocery Store","","","USDA","San Francisco (City, 2020)"
"LA LOMA 3","5652 Mission St","","San Francisco","CA","94112","SAN FRANCISCO","Grocery Store","","","USDA","San Francisco (City, 2020)"
"LA LOMA PRODUCE 7","2695 San Bruno Ave","","San Francisco","CA","94134","SAN FRANCISCO","Grocery Store","","","USDA","San Francisco (City, 2020)"
"LUCKY PORK MARKET","2659 Mission St","","San Francisco","CA","94110","SAN FRANCISCO","Grocery Store","","","USDA","San Francisco (City, 2020)"
"La Canasta Produce","2097 Mission St","","San Francisco","CA","94110","SAN FRANCISCO","Grocery Store","","","USDA","San Francisco (City, 2020)"
"La Loma Produce 8","2840 Mission St","","San Francisco","CA","94110","SAN FRANCISCO","Grocery Store","","","USDA","San Francisco (City, 2020)"
"La Lomita Market","2499 Folsom St","","San Francisco","CA","94110","SAN FRANCISCO","Grocery Store","","","USDA","San Francisco (City, 2020)"
"Lan Lan Market Inc","812 Washington St","","San Francisco","CA","94108","SAN FRANCISCO","Convenience Store","","","USDA","San Francisco (City, 2020)"
"Larkin Corner Market","1496 Larkin St","","San Francisco","CA","94109","SAN FRANCISCO","Convenience Store","","","USDA","San Francisco (City, 2020)"
"Larkin Restaurant","607 Larkin St","","San Francisco","CA","94109","SAN FRANCISCO","Restaurant Meals Program","","","USDA","San Francisco (City, 2020)"
"Lebeau Nob Hill Market 1","1263 Leavenworth St","","San Francisco","CA","94109","SAN FRANCISCO","Supermarket","","","USDA","San Francisco (City, 2020)"
"Lee's Food Market","1397 Revere Ave","","San Francisco","CA","94124","SAN FRANCISCO","Convenience Store","","","USDA","San Francisco (City, 2020)"
"Leland Market","65 Leland Ave","","San Francisco","CA","94134","SAN FRANCISCO","Grocery Store","","","USDA","San Francisco (City, 2020)"
"Lincoln Unocal","1200 La Playa St","","San Francisco","CA","94122","SAN FRANCISCO","Convenience Store","","","USDA","San Francisco (City, 2020)"
"Lincoln Way Shell 154","601 Lincoln Way","","San Francisco","CA","94122","SAN FRANCISCO","Convenience Store","","","USDA","San Francisco (City, 2020)"
"Little Szechuan","501 Broadway","","San Francisco","CA","94133","SAN FRANCISCO","Restaurant Meals Program","","","USDA","San Francisco (City, 2020)"
"Lo-cost Meat Market 2","2918 24th St","","San Francisco","CA","94110","SAN FRANCISCO","Specialty Store","","","USDA","San Francisco (City, 2020)"
"Local Diner","1244 Market St.","","San Francisco","CA","94102","SAN FRANCISCO","Restaurant Meals Program","","","USDA","San Francisco (City, 2020)"
"Long Hua's Grocery Store","906 Stockton St","","San Francisco","CA","94108","SAN FRANCISCO","Grocery Store","","","USDA","San Francisco (City, 2020)"
"Long Win Food Llc","1933 Irving St","","San Francisco","CA","94122","SAN FRANCISCO","Other","","","USDA","San Francisco (City, 2020)"
"Los Olivos Market","4766 Mission St","","San Francisco","CA","94112","SAN FRANCISCO","Grocery Store","","","USDA","San Francisco (City, 2020)"
"Lucky 755","1515 Sloat Blvd","","San Francisco","CA","94132","SAN FRANCISCO","Supermarket","","","USDA","San Francisco (City, 2020)"
"Lucky 756","1750 Fulton St","","San Francisco","CA","94117","SAN FRANCISCO","Supermarket","","","USDA","San Francisco (City, 2020)"
"Luke's Local Grocery","580 Green St","","San Francisco","CA","94133","SAN FRANCISCO","Supermarket","","","USDA","San Francisco (City, 2020)"
"Luke's Local Grocery 9th Ave.","1266 9th Ave","","San Francisco","CA","94122","SAN FRANCISCO","Supermarket","","","USDA","San Francisco (City, 2020)"
"Luke's Local Grocery Cole St.","960 Cole St","","San Francisco","CA","94117","SAN FRANCISCO","Supermarket","","","USDA","San Francisco (City, 2020)"
"Luke's Local Grocery Union St.","2190 Union St","","San Francisco","CA","94123","SAN FRANCISCO","Supermarket","","","USDA","San Francisco (City, 2020)"
"M & M Short Stop","2145A Geneva Ave","","San Francisco","CA","94134","SAN FRANCISCO","Convenience Store","","","USDA","San Francisco (City, 2020)"
"M & W MARKET","1800 23rd St","","San Francisco","CA","94107","SAN FRANCISCO","Convenience Store","","","USDA","San Francisco (City, 2020)"
"MANILA ORIENTAL MARKET","4175 Mission St","","San Francisco","CA","94112","SAN FRANCISCO","Super Store","","","USDA","San Francisco (City, 2020)"
"MARINA SUPER","2323 Chestnut St","","San Francisco","CA","94123","SAN FRANCISCO","Super Store","","","USDA","San Francisco (City, 2020)"
"MARYLAND MARKET","300 Turk St","","San Francisco","CA","94102","SAN FRANCISCO","Grocery Store","","","USDA","San Francisco (City, 2020)"
"MI PUEBLITO MARKET LLC 1","2765 Mission St","","San Francisco","CA","94110","SAN FRANCISCO","Grocery Store","","","USDA","San Francisco (City, 2020)"
"MISSION-SILVER MARKET","4304 Mission St","","San Francisco","CA","94112","SAN FRANCISCO","Convenience Store","","","USDA","San Francisco (City, 2020)"
"Mainland Market","5601 Geary Blvd","","San Francisco","CA","94121","SAN FRANCISCO","Grocery Store","","","USDA","San Francisco (City, 2020)"
"Mansung Market Inc","1116 Grant Ave","","San Francisco","CA","94133","SAN FRANCISCO","Specialty Store","","","USDA","San Francisco (City, 2020)"
"Marakie Grocery","1321 Golden Gate Ave","","San Francisco","CA","94115","SAN FRANCISCO","Other","","","USDA","San Francisco (City, 2020)"
"Martells Liquor & Grocery","5615 Geary Blvd","","San Francisco","CA","94121","SAN FRANCISCO","Convenience Store","","","USDA","San Francisco (City, 2020)"
"Maurice's Corner","3046 24th St","","San Francisco","CA","94110","SAN FRANCISCO","Convenience Store","","","USDA","San Francisco (City, 2020)"
"McAllister Liquor and Grocery","136 McAllister St","","San Francisco","CA","94102","SAN FRANCISCO","Convenience Store","","","USDA","San Francisco (City, 2020)"
"McDonald's #10162","1100 Fillmore St","","San Francisco","CA","94115","SAN FRANCISCO","Restaurant Meals Program","","","USDA","San Francisco (City, 2020)"
"McDonald's #1782","1201 Ocean Ave","","San Francisco","CA","94112","SAN FRANCISCO","Restaurant Meals Program","","","USDA","San Francisco (City, 2020)"
"1010 Market","1010 Market St","","San Francisco","CA","94102","SAN FRANCISCO","Convenience Store","","","USDA","San Francisco (City, 2020)"
"17TH AND NOE MARKET","3900 17th St","","San Francisco","CA","94114","SAN FRANCISCO","Convenience Store","","","USDA","San Francisco (City, 2020)"
"19th Ave Liquor","1800 19th Ave","","San Francisco","CA","94122","SAN FRANCISCO","Convenience Store","","","USDA","San Francisco (City, 2020)"
"19th Ave Shell 150","1200 19th Ave","","San Francisco","CA","94122","SAN FRANCISCO","Convenience Store","","","USDA","San Francisco (City, 2020)"
"2227 Irving Seafood Market Inc","2227 Irving St","","San Francisco","CA","94122","SAN FRANCISCO","Specialty Store","","","USDA","San Francisco (City, 2020)"
"22ND & IRVING PRODUCE","2101 Irving St","","San Francisco","CA","94122","SAN FRANCISCO","Grocery Store","","","USDA","San Francisco (City, 2020)"
"23rd & Mission Produce","2700 Mission St","","San Francisco","CA","94110","SAN FRANCISCO","Grocery Store","","","USDA","San Francisco (City, 2020)"
"25th Irving Market","2425 Irving St","","San Francisco","CA","94122","SAN FRANCISCO","Super Store","","","USDA","San Francisco (City, 2020)"
"26th & Guerrero Market","1400 Guerrero St","","San Francisco","CA","94110","SAN FRANCISCO","Grocery Store","","","USDA","San Francisco (City, 2020)"
"3j Family Market","198 Broad St","","San Francisco","CA","94112","SAN FRANCISCO","Convenience Store","","","USDA","San Francisco (City, 2020)"
"49ers Liquors And Groceries N/A","3701 Mission St","","San Francisco","CA","94110","SAN FRANCISCO","Convenience Store","","","USDA","San Francisco (City, 2020)"
"6th Street Market","64 6th St","","San Francisco","CA","94103","SAN FRANCISCO","Convenience Store","","","USDA","San Francisco (City, 2020)"
"7 Eleven 20450C","1388 46th Ave","","San Francisco","CA","94122","SAN FRANCISCO","Convenience Store","","","USDA","San Francisco (City, 2020)"
"7 Eleven 20473C","2222 Taraval St","","San Francisco","CA","94116","SAN FRANCISCO","Convenience Store","","","USDA","San Francisco (City, 2020)"
"7 Eleven 2366-20643d 20643D","2000 Ocean Ave","","San Francisco","CA","94127","SAN FRANCISCO","Convenience Store","","","USDA","San Francisco (City, 2020)"
"7 Eleven 35696A","221 Sansome St","","San Francisco","CA","94104","SAN FRANCISCO","Convenience Store","","","USDA","San Francisco (City, 2020)"
"7 Eleven Inc 23342F","3080 San Jose Ave","","San Francisco","CA","94112","SAN FRANCISCO","Convenience Store","","","USDA","San Francisco (City, 2020)"
"7 Eleven Store 2366 22627D","5100 Geary Blvd","","San Francisco","CA","94118","SAN FRANCISCO","Convenience Store","","","USDA","San Francisco (City, 2020)"
"7 Eleven Store 2366 35722A","4850 Geary Blvd","","San Francisco","CA","94118","SAN FRANCISCO","Convenience Store","","","USDA","San Francisco (City, 2020)"
"7-Eleven 21389","2200 Bay Shore Blvd","","San Francisco","CA","94134","SAN FRANCISCO","Convenience Store","","","USDA","San Francisco (City, 2020)"
"7-Eleven 33006B","2650 Mason St","","San Francisco","CA","94133","SAN FRANCISCO","Convenience Store","","","USDA","San Francisco (City, 2020)"
"7-eleven Store 34977A","527 Sutter St","","San Francisco","CA","94102","SAN FRANCISCO","Convenience Store","","","USDA","San Francisco (City, 2020)"
"7th And Clement Market","538 Clement St","","San Francisco","CA","94118","SAN FRANCISCO","Grocery Store","","","USDA","San Francisco (City, 2020)"
"828 Irving Market","828 Irving St","","San Francisco","CA","94122","SAN FRANCISCO","Grocery Store","","","USDA","San Francisco (City, 2020)"
"A & D Nepali/indian Grocery Store Llc","872 Sacramento St","","San Francisco","CA","94108","SAN FRANCISCO","Grocery Store","","","USDA","San Francisco (City, 2020)"
"A-Z Deli Inc","3325 24th St","","San Francisco","CA","94110","SAN FRANCISCO","Restaurant Meals Program","","","USDA","San Francisco (City, 2020)"
"A.M.S. MARKET","500 Bay Shore Blvd","","San Francisco","CA","94124","SAN FRANCISCO","Convenience Store","","","USDA","San Francisco (City, 2020)"
"ABC MARKET","2801 Bryant St","","San Francisco","CA","94110","SAN FRANCISCO","Convenience Store","","","USDA","San Francisco (City, 2020)"
"ARGUELLO SUPER MARKET","782 Arguello Blvd","","San Francisco","CA","94118","SAN FRANCISCO","Other","","","USDA","San Francisco (City, 2020)"
"Abc Supermarket","639 Broadway","","San Francisco","CA","94133","SAN FRANCISCO","Other","","","USDA","San Francisco (City, 2020)"
"Abraham Farmers Market","3931 Geary Blvd","","San Francisco","CA","94118","SAN FRANCISCO","Grocery Store","","","USDA","San Francisco (City, 2020)"
"Adel Market","901 Geneva Ave","","San Francisco","CA","94112","SAN FRANCISCO","Grocery Store","","","USDA","San Francisco (City, 2020)"
"Alemany Farmers Market","100 Alemany Blvd","","San Francisco","CA","94110","SAN FRANCISCO","Farmers and Markets","","California Department of Food and Agriculture","USDA","San Francisco (City, 2020)"
"All Fresh Market","1524 Ocean Ave","","San Francisco","CA","94112","SAN FRANCISCO","Grocery Store","","","USDA","San Francisco (City, 2020)"
"All Seasons Market","401 Capp St","","San Francisco","CA","94110","SAN FRANCISCO","Convenience Store","","","USDA","San Francisco (City, 2020)"
"All States Best Foods","1607 20th St","","San Francisco","CA","94107","SAN FRANCISCO","Grocery Store","","","USDA","San Francisco (City, 2020)"
"Amal's Deli","1416 Haight St","","San Francisco","CA","94117","SAN FRANCISCO","Convenience Store","","","USDA","San Francisco (City, 2020)"
"Amro Market","2901 Van Ness Ave","","San Francisco","CA","94109","SAN FRANCISCO","Convenience Store","","","USDA","San Francisco (City, 2020)"
"Anas Market","105 Broad St","","San Francisco","CA","94112","SAN FRANCISCO","Grocery Store","","","USDA","San Francisco (City, 2020)"
"Andi's Market","820 Cortland Ave","","San Francisco","CA","94110","SAN FRANCISCO","Grocery Store","","","USDA","San Francisco (City, 2020)"
"Andronicos Community Market 3066","375 32nd Ave","","San Francisco","CA","94121","SAN FRANCISCO","Supermarket","","","USDA","San Francisco (City, 2020)"
"Andronicos Community Markets 2452","1200 Irving St","","San Franciso","CA","94122","SAN FRANCISCO","Supermarket","","","USDA","San Francisco (City, 2020)"
"Antojitos Paty #2 #2","2853 Mission St","","San Francisco","CA","94110","SAN FRANCISCO","Grocery Store","","","USDA","San Francisco (City, 2020)"
"Apple Land Market","843 Clement St","","San Francisco","CA","94118","SAN FRANCISCO","Grocery Store","","","USDA","San Francisco (City, 2020)"
"Aramex Restaurant","2020 Mission St","","San Francisco","CA","94110","SAN FRANCISCO","Restaurant Meals Program","","","USDA","San Francisco (City, 2020)"
"Asia Market","772 Pacific Ave","","San Francisco","CA","94133","SAN FRANCISCO","Grocery Store","","","USDA","San Francisco (City, 2020)"
"Associated Students Farmers Market","1650 Holloway Ave","","San Francisco","CA","94132","SAN FRANCISCO","Farmers and Markets","","","USDA","San Francisco (City, 2020)"
"Avedano's Meats","235 Cortland Ave","","San Francisco","CA","94110","SAN FRANCISCO","Specialty Store","","","USDA","San Francisco (City, 2020)"
"Ayob's Community Market","3250 Mission St","","San Francisco","CA","94110","SAN FRANCISCO","Grocery Store","","","USDA","San Francisco (City, 2020)"
"BAY VIEW LIQUOR","4700 3rd St","","San Francisco","CA","94124","SAN FRANCISCO","Convenience Store","","","USDA","San Francisco (City, 2020)"
"BI-RITE","3639 18th St","","San Francisco","CA","94110","SAN FRANCISCO","Super Store","","","USDA","San Francisco (City, 2020)"
"Baby & Mom Nutrition","4992 Mission St","","San Francisco","CA","94112","SAN FRANCISCO","Grocery Store","","","USDA","San Francisco (City, 2020)"
"Battambang Market","339 Eddy St","","San Francisco","CA","94102","SAN FRANCISCO","Grocery Store","","","USDA","San Francisco (City, 2020)"
"Bay Food Market","1073 Market St","","San Francisco","CA","94103","SAN FRANCISCO","Convenience Store","","","USDA","San Francisco (City, 2020)"
"Bay Food Mini Market","578 Market St","","San Francisco","CA","94104","SAN FRANCISCO","Convenience Store","","","USDA","San Francisco (City, 2020)"
"Bel Clift Market","516 Geary St","","San Francisco","CA","94102","SAN FRANCISCO","Grocery Store","","","USDA","San Francisco (City, 2020)"
"Belmar Meat Market","2989 24th St","","San Francisco","CA","94110","SAN FRANCISCO","Grocery Store","","","USDA","San Francisco (City, 2020)"
"Benco Trading","1012 Stockton St","","San Francisco","CA","94108","SAN FRANCISCO","Other","","","USDA","San Francisco (City, 2020)"
"Bernal Heights Stop And Shop","3391 Mission St","","San Francisco","CA","94110","SAN FRANCISCO","Convenience Store","","","USDA","San Francisco (City, 2020)"
"Bi-Rite Market","2140 Polk St","","San Francisco","CA","94109","SAN FRANCISCO","Super Store","","","USDA","San Francisco (City, 2020)"
"Bi-Rite Market","550 Divisadero St","","San Francisco","CA","94117","SAN FRANCISCO","Super Store","","","USDA","San Francisco (City, 2020)"
"Big Apple Pizza N Grill","127 Eddy St","","San Francisco","CA","94102","SAN FRANCISCO","Restaurant Meals Program","","","USDA","San Francisco (City, 2020)"
"Big Save Market","5001 3rd St","","San Francisco","CA","94124","SAN FRANCISCO","Convenience Store","","","USDA","San Francisco (City, 2020)"
"Emos Cafe and Deli","201A Turk St","","San Francisco","CA","94102","SAN FRANCISCO","Restaurant Meals Program","","","USDA","San Francisco (City, 2020)"
"Emperor Palace Restaurant","530 Balboa St","","San Francisco","CA","94118","SAN FRANCISCO","Restaurant Meals Program","","","USDA","San Francisco (City, 2020)"
"Eureka Market Zidan Inc","4151 17th St","","San Francisco","CA","94114","SAN FRANCISCO","Convenience Store","","","USDA","San Francisco (City, 2020)"
"Europa Express","750 La Playa St","","San Francisco","CA","94121","SAN FRANCISCO","Grocery Store","","","USDA","San Francisco (City, 2020)"
"Europa Plus","5350 Geary Blvd","","San Francisco","CA","94121","SAN FRANCISCO","Other","","","USDA","San Francisco (City, 2020)"
"Evergreen Market","2539 Mission St","","San Francisco","CA","94110","SAN FRANCISCO","Grocery Store","","","USDA","San Francisco (City, 2020)"
"Excelsior Liquors","4501 Mission St","","San Francisco","CA","94112","SAN FRANCISCO","Convenience Store","","","USDA","San Francisco (City, 2020)"
"FALLETTI FOODS","308 Broderick St","","San Francisco","CA","94117","SAN FRANCISCO","Super Store","","","USDA","San Francisco (City, 2020)"
"FOODS CO 351","345 Williams Ave","","San Francisco","CA","94124","SAN FRANCISCO","Super Store","","","USDA","San Francisco (City, 2020)"
"FREDS LIQUOR & GROCERY","151 6th St","","San Francisco","CA","94103","SAN FRANCISCO","Convenience Store","","","USDA","San Francisco (City, 2020)"
"Ferry Plaza Farmers Market","1 Ferry Building","Ste 50","San Francisco","CA","94111","SAN FRANCISCO","Farmers and Markets","","California Department of Food and Agriculture","USDA","San Francisco (City, 2020)"
"Fillmore Farmers' Market","1700 O'Farrell St","","San Francisco","CA","94115","SAN FRANCISCO","Farmers and Markets","","California Department of Food and Agriculture","USDA","San Francisco (City, 2020)"
"First Korean Market","4625 Geary Blvd","","San Francisco","CA","94118","SAN FRANCISCO","Grocery Store","","","USDA","San Francisco (City, 2020)"
"Fishtail Market","352 Turk St","","San Francisco","CA","94102","SAN FRANCISCO","Grocery Store","","","USDA","San Francisco (City, 2020)"
"Five Markets 1","2824 24th St","","San Francisco","CA","94110","SAN FRANCISCO","Grocery Store","","","USDA","San Francisco (City, 2020)"
"Fong Seng Co","1024 Grant Ave","","San Francisco","CA","94133","SAN FRANCISCO","Grocery Store","","","USDA","San Francisco (City, 2020)"
"Food 24 Hr Convenience Market","793 Divisadero St","","San Francisco","CA","94117","SAN FRANCISCO","Convenience Store","","","USDA","San Francisco (City, 2020)"
"Food 24 Market","500 Clement St","","San Francisco","CA","94118","SAN FRANCISCO","Convenience Store","","","USDA","San Francisco (City, 2020)"
"Food On The Run","276 Noe St","","San Francisco","CA","94114","SAN FRANCISCO","Convenience Store","","","USDA","San Francisco (City, 2020)"
"Foods Co 357","1800 Folsom St","","San Francisco","CA","94103","SAN FRANCISCO","Super Store","","","USDA","San Francisco (City, 2020)"
"Foothill Market","3004 San Bruno Ave","","San Francisco","CA","94134","SAN FRANCISCO","Grocery Store","","","USDA","San Francisco (City, 2020)"
"Fords Grocery","1496 Oakdale Ave","","San Francisco","CA","94124","SAN FRANCISCO","Convenience Store","","","USDA","San Francisco (City, 2020)"
"Fort Mason Farmers Market","2 Marina Blvd","","San Francisco","CA","94123","SAN FRANCISCO","Farmers and Markets","","","USDA","San Francisco (City, 2020)"
"Franklin Market","1528 Franklin St","","San Francisco","CA","94109","SAN FRANCISCO","Convenience Store","","","USDA","San Francisco (City, 2020)"
"Fresco Pizza & Grill","1338 Polk St","","San Francisco","CA","94109","SAN FRANCISCO","Restaurant Meals Program","","","USDA","San Francisco (City, 2020)"
"Fresh Meat Market Inc 1","2704 Mission St","","San Francisco","CA","94110","SAN FRANCISCO","Specialty Store","","","USDA","San Francisco (City, 2020)"
"Fresh Produce #1","2631 23rd St","","San Francisco","CA","94110","SAN FRANCISCO","Grocery Store","","","USDA","San Francisco (City, 2020)"
"Fresh Produce #2","2400 San Bruno Ave","Suite B","San Francisco","CA","94134","SAN FRANCISCO","Grocery Store","","","USDA","San Francisco (City, 2020)"
"Fruit Barn","1616 Ocean Ave","","San Francisco","CA","94112","SAN FRANCISCO","Grocery Store","","","USDA","San Francisco (City, 2020)"
"Fruitful Dreams","772 Jackson St","","San Francisco","CA","94133","SAN FRANCISCO","Specialty Store","","","USDA","San Francisco (City, 2020)"
"Fu Yuan Food Market","1251 Stockton St","","San Francisco","CA","94133","SAN FRANCISCO","Grocery Store","","","USDA","San Francisco (City, 2020)"
"Fulton Food Shop","1801 Fulton St","","San Francisco","CA","94117","SAN FRANCISCO","Convenience Store","","","USDA","San Francisco (City, 2020)"
"Fung Wong SF","2500 Noriega St","","San Francisco","CA","94122","SAN FRANCISCO","Restaurant Meals Program","","","USDA","San Francisco (City, 2020)"
"G & H Liquors & Grocery","201 Jones St","","San Francisco","CA","94102","SAN FRANCISCO","Convenience Store","","","USDA","San Francisco (City, 2020)"
"G & S Liquor And Convenience Storeinc","691 McAllister St","","San Francisco","CA","94102","SAN FRANCISCO","Convenience Store","","","USDA","San Francisco (City, 2020)"
"G & Z Lucky Store Llc","949 Taraval St","","San Francisco","CA","94116","SAN FRANCISCO","Other","","","USDA","San Francisco (City, 2020)"
"G&F Inc","455 Ellis St","","San Francisco","CA","94102","SAN FRANCISCO","Convenience Store","","","USDA","San Francisco (City, 2020)"
"GO GO MARKET & DELI","99 9th St","","San Francisco","CA","94103","SAN FRANCISCO","Convenience Store","","","USDA","San Francisco (City, 2020)"
"GOOD LIFE GROCERY","448 Cortland Ave","","San Francisco","CA","94110","SAN FRANCISCO","Super Store","","","USDA","San Francisco (City, 2020)"
"GRAND CENTRAL MARKET","2435 California St","","San Francisco","CA","94115","SAN FRANCISCO","Super Store","","","USDA","San Francisco (City, 2020)"
"GUZMAN'S PRODUCE MARKET INC.","5229 Mission St","","San Francisco","CA","94112","SAN FRANCISCO","Grocery Store","","","USDA","San Francisco (City, 2020)"
"Gabby's Market & Deli","201 Harrison St","Ste C","San Francisco","CA","94105","SAN FRANCISCO","Convenience Store","","","USDA","San Francisco (City, 2020)"
"Geary Grocery Outlet","6333 Geary Blvd","","San Francisco","CA","94121","SAN FRANCISCO","Super Store","","","USDA","San Francisco (City, 2020)"
"Geary Wine And Spirits","599 Geary St","","San Francisco","CA","94102","SAN FRANCISCO","Convenience Store","","","USDA","San Francisco (City, 2020)"
"George's Market","2268 Mission St","","San Francisco","CA","94110","SAN FRANCISCO","Convenience Store","","","USDA","San Francisco (City, 2020)"
"Golden City Inn","5131 3rd St","","San Francisco","CA","94124","SAN FRANCISCO","Restaurant Meals Program","","","USDA","San Francisco (City, 2020)"
"Golden Corner Market","35 6th St","","San Francisco","CA","94103","SAN FRANCISCO","Convenience Store","","","USDA","San Francisco (City, 2020)"
"Golden Farmer Market LLC","1475 Polk St","","San Francisco","CA","94109","SAN FRANCISCO","Grocery Store","","","USDA","San Francisco (City, 2020)"
"Golden Gate Market","225 Leavenworth St","","San Francisco","CA","94102","SAN FRANCISCO","Grocery Store","","","USDA","San Francisco (City, 2020)"
"Golden Market","2899 Mission St","","San Francisco","CA","94110","SAN FRANCISCO","Convenience Store","","","USDA","San Francisco (City, 2020)"
"Golden Natural Foods Inc.","130 Church St","","San Francisco","CA","94114","SAN FRANCISCO","Grocery Store","","","USDA","San Francisco (City, 2020)"
"Golden Village Market Inc","1450 Sunnydale Ave","","San Francisco","CA","94134","SAN FRANCISCO","Convenience Store","","","USDA","San Francisco (City, 2020)"
"Golden Way Trading Company 1","1024 Stockton St","","San Francisco","CA","94108","SAN FRANCISCO","Other","","","USDA","San Francisco (City, 2020)"
"Good Luck Market","1215 Taraval St","","San Francisco","CA","94116","SAN FRANCISCO","Other","","","USDA","San Francisco (City, 2020)"
"Grand Mini Market","517 Bush St","","San Francisco","CA","94108","SAN FRANCISCO","Convenience Store","","","USDA","San Francisco (City, 2020)"
"Grant Market Inc","1101 Grant Ave","","San Francisco","CA","94133","SAN FRANCISCO","Grocery Store","","","USDA","San Francisco (City, 2020)"
"Green Apple Market","1042 Polk St","","San Francisco","CA","94109","SAN FRANCISCO","Grocery Store","","","USDA","San Francisco (City, 2020)"
"Green Earth","860 Divisadero St","","San Francisco","CA","94117","SAN FRANCISCO","Grocery Store","","","USDA","San Francisco (City, 2020)"
"Grocery Outlet Of Bayshore 451","355 Bay Shore Blvd","","San Francisco","CA","94124","SAN FRANCISCO","Super Store","","","USDA","San Francisco (City, 2020)"
"Grocery Outlet Of Mission 306","1245 S Van Ness Ave","","San Francisco","CA","94110","SAN FRANCISCO","Super Store","","","USDA","San Francisco (City, 2020)"
"Grocery Outlet Of Visitacion Valley 244","2630 Bay Shore Blvd","","San Francisco","CA","94134","SAN FRANCISCO","Super Store","","","USDA","San Francisco (City, 2020)"
"Grove Street Market","500 Grove St","","San Francisco","CA","94102","SAN FRANCISCO","Convenience Store","","","USDA","San Francisco (City, 2020)"
"Guang Long","1401 Stockton St","","San Francisco","CA","94133","SAN FRANCISCO","Other","","","USDA","San Francisco (City, 2020)"
"Guerrero Hill Market","3398 22nd St","","San Francisco","CA","94110","SAN FRANCISCO","Convenience Store","","","USDA","San Francisco (City, 2020)"
"Gum Sing Market Inc","774 Pacific Ave","","San Francisco","CA","94133","SAN FRANCISCO","Grocery Store","","","USDA","San Francisco (City, 2020)"
"Gus's Community Market","2111 Harrison St","","San Francisco","CA","94110","SAN FRANCISCO","Other","","","USDA","San Francisco (City, 2020)"
"Gus's Market Channel","1101 4th St","","San Francisco","CA","94158","SAN FRANCISCO","Other","","","USDA","San Francisco (City, 2020)"
"H & L Supermarket 1","669 Geary St","","San Francisco","CA","94102","SAN FRANCISCO","Grocery Store","","","USDA","San Francisco (City, 2020)"
"H MART SAN FRANCISCO","3995 Alemany Blvd","","San Francisco","CA","94132","SAN FRANCISCO","Super Store","","","USDA","San Francisco (City, 2020)"
"HARVEST URBAN MARKET","191 8th St","","San Francisco","CA","94103","SAN FRANCISCO","Supermarket","","","USDA","San Francisco (City, 2020)"
"HIMALAYAN PIZZA & MOMO","288 Golden Gate Ave","","San Francisco","CA","94102","SAN FRANCISCO","Restaurant Meals Program","","","USDA","San Francisco (City, 2020)"
"HWA LEI MARKET","2970 16th St","","San Francisco","CA","94103","SAN FRANCISCO","Grocery Store","","","USDA","San Francisco (City, 2020)"
"Habibi Markeet 1","26 6th St","","San Francisco","CA","94103","SAN FRANCISCO","Convenience Store","","","USDA","San Francisco (City, 2020)"
"Habibi Market","1700 Hayes St","","San Francisco","CA","94117","SAN FRANCISCO","Convenience Store","","","USDA","San Francisco (City, 2020)"
"Haight Street Market","1530 Haight St","","San Francisco","CA","94117","SAN FRANCISCO","Other","","","USDA","San Francisco (City, 2020)"
"Halal Burgers and More #3","22 6th St","","San Francisco","CA","94103","SAN FRANCISCO","Restaurant Meals Program","","","USDA","San Francisco (City, 2020)"
"Hamtini Discount","2431 Noriega St","","San Francisco","CA","94122","SAN FRANCISCO","Convenience Store","","","USDA","San Francisco (City, 2020)"
"Harrison Shell 155","1201 Harrison St","","San Francisco","CA","94103","SAN FRANCISCO","Convenience Store","","","USDA","San Francisco (City, 2020)"
"Harvest Hills Market","3216 Folsom St","","San Francisco","CA","94110","SAN FRANCISCO","Convenience Store","","","USDA","San Francisco (City, 2020)"
"Hayes Market","698 Hayes St","","San Francisco","CA","94102","SAN FRANCISCO","Convenience Store","","","USDA","San Francisco (City, 2020)"
"Healthy U","1650 Holloway Ave","","San Francisco","CA","94132","SAN FRANCISCO","Convenience Store","","","USDA","San Francisco (City, 2020)"
"Heart of the City Farmers Market","1182 Market St","Ste 412","San Francisco","CA","94102","SAN FRANCISCO","Farmers and Markets","","California Department of Food and Agriculture","USDA","San Francisco (City, 2020)"
"Heng Xing Long Trading Co Inc","1016 Stockton St","","San Francisco","CA","94108","SAN FRANCISCO","Grocery Store","","","USDA","San Francisco (City, 2020)"
"Hollow Cow Market Dbi","3165 Steiner St","","San Francisco","CA","94123","SAN FRANCISCO","Convenience Store","","","USDA","San Francisco (City, 2020)"
"Holloway Market","150 Holloway Ave","","San Francisco","CA","94112","SAN FRANCISCO","Convenience Store","","","USDA","San Francisco (City, 2020)"
"Da Chang Yuan","860 Washington St","","San Francisco","CA","94108","SAN FRANCISCO","Grocery Store","","","USDA","San Francisco (City, 2020)"
"Dai Chung Wah Trading Inc","1201 Stockton St","","San Francisco","CA","94133","SAN FRANCISCO","Other","","","USDA","San Francisco (City, 2020)"
"Dai Hing Wor Grocery","896 Stockton St","","San Francisco","CA","94108","SAN FRANCISCO","Other","","","USDA","San Francisco (City, 2020)"
"Dai Lee Food Inc.","878 Washington St","","San Francisco","CA","94108","SAN FRANCISCO","Grocery Store","","","USDA","San Francisco (City, 2020)"
"Dalda's Community Maarket","186 Eddy St","","San Francisco","CA","94102","SAN FRANCISCO","Convenience Store","","","USDA","San Francisco (City, 2020)"
"Deena's Market","600 Ofarrell St","","San Francisco","CA","94109","SAN FRANCISCO","Convenience Store","","","USDA","San Francisco (City, 2020)"
"Deli Shack","452 Larkin St","","San Francisco","CA","94102","SAN FRANCISCO","Convenience Store","","","USDA","San Francisco (City, 2020)"
"Discount Grocers","1203 Polk St","","San Francisco","CA","94109","SAN FRANCISCO","Convenience Store","","","USDA","San Francisco (City, 2020)"
"Divisadero Union 76","443 Divisadero St","","San Francisco","CA","94117","SAN FRANCISCO","Convenience Store","","","USDA","San Francisco (City, 2020)"
"Divisidero Farmers' Market","1377 Fell St","","San Francisco","CA","94117","SAN FRANCISCO","Farmers and Markets","","California Department of Food and Agriculture","USDA","San Francisco (City, 2020)"
"Do Eat Restaurant","4543 Mission St","","San Francisco","CA","94112","SAN FRANCISCO","Restaurant Meals Program","","","USDA","San Francisco (City, 2020)"
"Dong Hing LLC","1210 Stockton St","","San Francisco","CA","94133","SAN FRANCISCO","Other","","","USDA","San Francisco (City, 2020)"
"Downtown Grocery","289 Eddy St","","San Francisco","CA","94102","SAN FRANCISCO","Convenience Store","","","USDA","San Francisco (City, 2020)"
"Dragon River Restaurant","5045 Geary Blvd","","San Francisco","CA","94118","SAN FRANCISCO","Restaurant Meals Program","","","USDA","San Francisco (City, 2020)"
"Dragonspunk Gro Farmers Market","1550 Evans Ave","","San Francisco","CA","94124","SAN FRANCISCO","Farmers and Markets","","","USDA","San Francisco (City, 2020)"
"Duk Hing","1151 Stockton St","","San Francisco","CA","94133","SAN FRANCISCO","Specialty Store","","","USDA","San Francisco (City, 2020)"
"EL AHORRO","3456 Mission St","","San Francisco","CA","94110","SAN FRANCISCO","Grocery Store","","","USDA","San Francisco (City, 2020)"
"EL CHICO PRODUCE MARKET 2","4600 Mission St","","San Francisco","CA","94112","SAN FRANCISCO","Grocery Store","","","USDA","San Francisco (City, 2020)"
"Econo Market","593 O'Farrell St","","San Francisco","CA","94102","SAN FRANCISCO","Grocery Store","","","USDA","San Francisco (City, 2020)"
"Eddy St Bodega","200 Eddy St","","San Francisco","CA","94102","SAN FRANCISCO","Convenience Store","","","USDA","San Francisco (City, 2020)"
"El Chavo Supermercado","15 Ocean Ave","","San Francisco","CA","94112","SAN FRANCISCO","Grocery Store","","","USDA","San Francisco (City, 2020)"
"El Chico Produce Market #4","2965 24th St","","San Francisco","CA","94110","SAN FRANCISCO","Supermarket","","","USDA","San Francisco (City, 2020)"
"El Dorado Market","124 Jones St","","San Francisco","CA","94102","SAN FRANCISCO","Convenience Store","","","USDA","San Francisco (City, 2020)"
"El Jubani","596 Ofarrell St","","San Francisco","CA","94102","SAN FRANCISCO","Grocery Store","","","USDA","San Francisco (City, 2020)"
"El Mercadito","1712 Ocean Ave","","San Francisco","CA","94112","SAN FRANCISCO","Grocery Store","","","USDA","San Francisco (City, 2020)"
